id,time,body,translation,external_url,profile_type,description,name,attachment_urls
0007ed21-eb78-597d-9558-9dfa4f75ed3e,2024-03-31 18:19:25,"https://youtu.be/1H65fWYoaV8?si=sFwduH6AodNglBdIYouTube–û–ª–µ—Å—å –ë—É–∑–∏–Ω–∞ vs –í–ª–∞–¥–∏–º–∏—Ä –ñ–∏—Ä–∏–Ω–æ–≤—Å–∫–∏–π –≤ —Ç–æ–∫-—à–æ—É ¬´–ü–æ–µ–¥–∏–Ω–æ–∫¬ª –í–ª–∞–¥–∏–º–∏—Ä–∞ –°–æ–ª–æ–≤—å–µ–≤–∞.–û–ª–µ—Å—å –ë—É–∑–∏–Ω–∞ vs –í–ª–∞–¥–∏–º–∏—Ä –ñ–∏—Ä–∏–Ω–æ–≤—Å–∫–∏–π –≤ —Ç–æ–∫-—à–æ—É ¬´–ü–æ–µ–¥–∏–Ω–æ–∫¬ª –í–ª–∞–¥–∏–º–∏—Ä–∞ –°–æ–ª–æ–≤—å–µ–≤–∞.
–ê–∫—Ç—É–∞–ª—å–Ω—ã–π —Ä–∞–∑–≥–æ–≤–æ—Ä –Ω–∞ –æ–±—â–µ—Å—Ç–≤–µ–Ω–Ω–æ-–ø–æ–ª–∏—Ç–∏—á–µ—Å–∫–∏–µ —Ç–µ–º—ã.
–î–ª—è —Å–∞–π—Ç–∞ www.buz...","https://youtu.be/1H65fWYoaV8?si=sFwduH6AodNglBdIYouTubeOles Buzina vs Vladimir Zhirinovsky in the talk show ‚ÄúDuel‚Äù by Vladimir Solovyov. Oles Buzina vs Vladimir Zhirinovsky in the talk show ‚ÄúDuel‚Äù by Vladimir Solovyov.
Current conversation on socio-political topics.
For the site www.buz...",https://t.me/openukraine,telegram,A Telegram channel aggressively spreading Ukrainophobia and Russian nationalism.,OpenUkraine,media/telegram-web/157cfb52-f4b1-407c-ad3f-6a3c4c4a68a4.jpeg
0009a799-5b15-5468-98df-9e948518c786,2024-03-31 07:00:20,üá∑üá∫üá∫üá¶–ü–æ—Å–ª–µ–¥—Å—Ç–≤–∏—è –æ–±—Å—Ç—Ä–µ–ª–∞ –∂–∏–ª—ã—Ö –¥–æ–º–æ–π –ë–µ–ª–≥–æ—Ä–æ–¥–∞ —Å–æ —Å—Ç–æ—Ä–æ–Ω—ã –í–°–£.–ü–æ–¥–ø–∏—Å–∞—Ç—å—Å—è –Ω–∞ –∫–∞–Ω–∞–ª,üá∑üá∫üá∫üá¶The consequences of shelling of residential buildings in Belgorod by the Ukrainian Armed Forces. Subscribe to the channel,https://t.me/warhistoryalconafter,telegram,The Telegram channel of a Russian mil-blogger.,warhistoryalconafter,"media/telegram-web/0020f774-680c-4453-b17b-a5eec1382b38.jpeg,kirby/telegram-web/da62c659-85d8-4167-9a2b-40ab35414071.jpeg,kirby/telegram-web/d78460df-a0f4-4057-aa0b-9a827b387566.jpeg,kirby/telegram-web/b24f5edd-77fb-4069-b7eb-3aeb6eadf9c0.jpeg"
000fea05-105e-589a-ad1e-9901e6594e86,2024-03-31 09:04:00,"""–¢–ê–†–ï–õ–û–ß–ö–ò"" –£ –ù–ê–°.
–î–æ—Ä–æ–≥–∏–µ –ø–æ–¥–ø–∏—Å—á–∏–∫–∏! –î–µ–ª–∏–º—Å—è –µ—â—ë –æ–¥–Ω–æ–π —Ä–∞–¥–æ—Å—Ç–Ω–æ–π –Ω–æ–≤–æ—Å—Ç—å—é: –¥–æ–ª–≥–æ–∂–¥–∞–Ω–Ω—ã–µ –±–µ–∑—É–º–Ω–æ –¥–æ—Ä–æ–≥–∏–µ —Ç–∞—Ä–µ–ª–æ—á–∫–∏ —É –Ω–∞—Å! –° –ú–æ—Å–∫–≤—ã –ø—Ä–∏—à–ª–∏ –æ—á–µ–Ω—å –±—ã—Å—Ç—Ä–æ. –†–∞—Å–ø–∞–∫–æ–≤—ã–≤–∞–µ–º –∏ —Å–º–æ—Ç—Ä–∏–º –æ—á–µ–Ω—å –±–µ—Ä–µ–∂–Ω–æ, —Ç–∞–∫ –∫–∞–∫ –æ–Ω–∏ –æ—á–µ–Ω—å —Ö—Ä—É–ø–∫–∏–µ –Ω–∞ –≤–∏–¥.
Show more
–ú—ã –æ—á–µ–Ω—å —Ä–∞–¥—ã, —á—Ç–æ –Ω–∞—à–∞ –≥—Ä—É–ø–ø–∞ –≤—ã—à–ª–∞ –Ω–∞ –Ω–æ–≤—ã–π —É—Ä–æ–≤–µ–Ω—å –ø–æ–º–æ—â–∏ –ø–∞—Ä–Ω—è–º. –≠—Ç–æ –æ—Å–æ–±—ã–π –≤–µ–∫—Ç–æ—Ä –¥–æ–≤–µ—Ä–∏—è –∫ –≥—Ä—É–ø–ø–µ.
ü´°–ü—É—Å—Ç—å –∑–∞–¥–∞—á–∏, –ø–æ—Å—Ç–∞–≤–ª–µ–Ω–Ω—ã–µ –¥–ª—è –Ω–∞—à–∏—Ö –ø–∞—Ä–Ω–µ–π –±–ª–∞–≥–æ–¥–∞—Ä—è —ç—Ç–æ–º—É ""–Ω–µ–≤–∏–¥–∞–Ω–Ω–æ–º—É –ø—Ä–∏–±–æ—Ä—É"", –±—É–¥—É—Ç –≤—ã–ø–æ–ª–Ω—è—Ç—å—Å—è –ª–µ–≥—á–µ –∏ —ç—Ñ—Ñ–µ–∫—Ç–∏–≤–Ω–µ–µ.
–°–ø–∞—Å–∏–±–æ –∫–∞–∂–¥–æ–º—É, –∫—Ç–æ —É—á–∞—Å—Ç–≤–æ–≤–∞–ª –≤ —Å–±–æ—Ä–µ –∏ –ø–æ–º–æ–≥ –Ω–µ–≤–æ–∑–º–æ–∂–Ω–æ–µ —Å–¥–µ–ª–∞—Ç—å —Ä–µ–∞–ª—å–Ω–æ—Å—Ç—å—é.
–ü–û–ë–ï–î–ê –û–ë–Ø–ó–ê–¢–ï–õ–¨–ù–û –ë–£–î–ï–¢ –ó–ê –ù–ê–ú–ò!
–ö–∞—Ä—Ç–∞ –≥—Ä—É–ø–ø—ã: –£–ë–†–∏–† (–£—Ä–∞–ª—å—Å–∫–∏–π –±–∞–Ω–∫ —Ä–µ–∫–æ–Ω—Å—Ç—Ä—É–∫—Ü–∏–∏ –∏ —Ä–∞–∑–≤–∏—Ç–∏—è) 4301 8039 5309 7164 –Ω–∞ –ò–≥–æ—Ä—è –ü–∞–≤–ª–æ–≤–∏—á–∞ –ì.
–ù–æ–º–µ—Ä –°–ë–ü –∫ —Å—á–µ—Ç—É –£–ë–†–∏–† 89000913508
–¢–µ–ª–µ—Ñ–æ–Ω –¥–ª—è –æ–±—â–∏—Ö –≤–æ–ø—Ä–æ—Å–æ–≤: 88007001779
—Å 8.00-19.00","WE HAVE ""PLATES"".
Dear subscribers! We share another good news: we have the long-awaited, insanely expensive plates! They arrived from Moscow very quickly. We unpack and look very carefully, as they are very fragile in appearance.
Show more
We are very glad that our group has reached a new level of helping guys. This is a special vector of trust in the group.
ü´°Let the tasks set for our guys thanks to this ‚Äúunprecedented device‚Äù be completed easier and more efficiently.
Thanks to everyone who participated in the collection and helped make the impossible a reality.
VICTORY WILL DEFINITELY BE OURS!
Group card: UBRD (Ural Bank for Reconstruction and Development) 4301 8039 5309 7164 to Igor Pavlovich G.
SBP number for UBRD account 89000913508
Phone number for general questions: 88007001779
from 8.00-19.00",https://vk.com/public216233091,vk,Russian volunteer support group for war efforts in Ukraine.,"Assistance to the Military at the Northern Military District ""Together"" Kopeisk Southern Ural",media/vk/40a8eec7-913a-4bed-9ce7-d59ee5d02093.jpeg
0012d254-46b1-5d52-ad6e-b6a8bf7b8fc7,2024-03-31 06:22:18,"–ù–∞ –ö–∞–º—á–∞—Ç–∫–µ –≤ —Å–æ–µ–¥–∏–Ω–µ–Ω–∏–∏ –∫–æ—Ä–∞–±–ª–µ–π –æ—Ö—Ä–∞–Ω—ã –≤–æ–¥–Ω–æ–≥–æ —Ä–∞–π–æ–Ω–∞ –¢–û–§ –ø—Ä–æ–≤–µ–¥–µ–Ω–∞ —Ç—Ä–µ–Ω–∏—Ä–æ–≤–∫–∞ –ø–æ –æ—Ç—Ä–∞–∂–µ–Ω–∏—é –Ω–∞–ø–∞–¥–µ–Ω–∏—è —É—Å–ª–æ–≤–Ω—ã—Ö –¥–∏–≤–µ—Ä—Å–∞–Ω—Ç–æ–≤.

–ü–æ —Å—Ü–µ–Ω–∞—Ä–∏—é —É—á–µ–Ω–∏—è —É—Å–ª–æ–≤–Ω—ã–µ –¥–∏–≤–µ—Ä—Å–∞–Ω—Ç—ã –ø—Ä–æ–Ω–∏–∫–ª–∏ –Ω–∞ —Ç–µ—Ä—Ä–∏—Ç–æ—Ä–∏—é —à—Ç–∞–±–∞ —Å–æ–µ–¥–∏–Ω–µ–Ω–∏—è —Å —Ü–µ–ª—å—é —É—Å—Ç—Ä–æ–∏—Ç—å –¥–∏–≤–µ—Ä—Å–∏—é –∏ –Ω–∞—Ä—É—à–∏—Ç—å —Ä–∞–±–æ—Ç—É —Å–∏—Å—Ç–µ–º—ã –∫–æ–º–º—É–Ω–∏–∫–∞—Ü–∏–π.

–ü–æ—Å–ª–µ –ø–æ–ª—É—á–µ–Ω–∏—è —Å–∏–≥–Ω–∞–ª–∞ –æ –Ω–∞–ø–∞–¥–µ–Ω–∏–∏ –Ω–µ–∏–∑–≤–µ—Å—Ç–Ω—ã—Ö –≤–æ–æ—Ä—É–∂–µ–Ω–Ω—ã—Ö –ª–∏—Ü –Ω–∞ –∫–æ–Ω—Ç—Ä–æ–ª—å–Ω–æ-–ø—Ä–æ–ø—É—Å–∫–Ω–æ–π –ø—É–Ω–∫—Ç —Å–æ–µ–¥–∏–Ω–µ–Ω–∏—è, –≤–æ–µ–Ω–Ω–æ—Å–ª—É–∂–∞—â–∏–µ –ø–æ–¥—Ä–∞–∑–¥–µ–ª–µ–Ω–∏—è –∞–Ω—Ç–∏—Ç–µ—Ä—Ä–æ—Ä–∞ –æ–ø–µ—Ä–∞—Ç–∏–≤–Ω–æ –æ—Ç—Ä–µ–∞–≥–∏—Ä–æ–≤–∞–ª–∏ –∏ –ø—Ä–∏—Å—Ç—É–ø–∏–ª–∏ –∫ –æ—Ç—Ä–∞–±–æ—Ç–∫–µ –∞–ª–≥–æ—Ä–∏—Ç–º–∞ –¥–µ–π—Å—Ç–≤–∏–π –ø–æ –æ—Ç—Ä–∞–∂–µ–Ω–∏—é –∞—Ç–∞–∫–∏ –∏ –±–ª–æ–∫–∏—Ä–æ–≤–∞–Ω–∏—é –¥–∏–≤–µ—Ä—Å–∞–Ω—Ç–æ–≤.

–¢—Ä–µ–Ω–∏—Ä–æ–≤–∫–∞ –ø—Ä–æ–≤–æ–¥–∏–ª–∞—Å—å –≤ —É—Å–ª–æ–≤–∏—è—Ö, –º–∞–∫—Å–∏–º–∞–ª—å–Ω–æ –ø—Ä–∏–±–ª–∏–∂–µ–Ω–Ω—ã—Ö –∫ —Ä–µ–∞–ª—å–Ω–æ–π –æ–±—Å—Ç–∞–Ω–æ–≤–∫–µ, —Ç–∞–∫–∂–µ –∞–∫—Ç–∏–≤–Ω–æ –ø—Ä–∏–º–µ–Ω—è–ª–∏—Å—å —Å—Ä–µ–¥—Å—Ç–≤–∞ –∏–º–∏—Ç–∞—Ü–∏–∏.

–í –º–µ—Ä–æ–ø—Ä–∏—è—Ç–∏–∏ –ø—Ä–∏–Ω—è–ª–∏ —É—á–∞—Å—Ç–∏–µ –±–æ–ª–µ–µ 20 –≤–æ–µ–Ω–Ω–æ—Å–ª—É–∂–∞—â–∏—Ö –∏ 3 –µ–¥–∏–Ω–∏—Ü—ã –≤–æ–µ–Ω–Ω–æ–π —Ç–µ—Ö–Ω–∏–∫–∏.

–ü—Ä–µ—Å—Å-—Å–ª—É–∂–±–∞ –í–æ—Å—Ç–æ—á–Ω–æ–≥–æ –≤–æ–µ–Ω–Ω–æ–≥–æ –æ–∫—Ä—É–≥–∞#–∫–∞–º—á–∞—Ç–∫–∞#–¥–∏–≤–µ—Ä—Å–∞–Ω—Ç—ã#–ø–¥—Å—Å#—Ç—Ä–µ–Ω–∏—Ä–æ–≤–∫–∞#–±–æ–µ–≤–∞—è–ø–æ–¥–≥–æ—Ç–æ–≤–∫–∞","In Kamchatka, a formation of ships guarding the water area of the Pacific Fleet conducted training to repel an attack by conditional saboteurs.

According to the exercise scenario, conditional saboteurs entered the territory of the formation headquarters with the aim of causing sabotage and disrupting the operation of the communications system.

After receiving a signal about an attack by unknown armed persons on the checkpoint of the connection, military personnel of the anti-terrorism unit quickly responded and began working out an algorithm of actions to repel the attack and block the saboteurs.

The training was carried out in conditions as close as possible to the real situation, and simulation tools were also actively used.

More than 20 military personnel and 3 units of military equipment took part in the event.

Press service of the Eastern Military District#Kamchatka#saboteurs#PDSS#training#combat training",https://t.me/navyofrussia,telegram,A Telegram channel affiliated with the Russian Navy.,NavyOfRussia,media/telegram-web/b108cbdf-83ef-4a9f-8027-a39d4d16accf.jpeg
00194b54-be02-5a6d-a961-b9be56f22a54,2024-03-31 17:36:03,"–ö–∞–∫ —É—Å—Ç—Ä–∞–Ω—è–ª–∏ –ø—Ä–µ–¥–∞—Ç–µ–ª—è –ö—É–∑—å–º–∏–Ω–æ–≤–∞–¢—Ä—É—Å–ª–∏–≤–æ–≥–æ –ø–µ—Ä–µ–±–µ–∂—á–∏–∫–∞, –∫–æ—Ç–æ—Ä—ã–π —É–≥–Ω–∞–ª –≤–µ—Ä—Ç–æ–ª–µ—Ç –Ω–∞ —Ç–µ—Ä—Ä–∏—Ç–æ—Ä–∏—é –£–∫—Ä–∞–∏–Ω—ã –∏ –ø–æ–≥—É–±–∏–ª —Å–≤–æ–π —ç–∫–∏–ø–∞–∂, –Ω–∞–ø–æ–º–Ω—é, –Ω–∞—à–ª–∞ —Å–º–µ—Ä—Ç—å –≤ –ò—Å–ø–∞–Ω–∏–∏, –≤ –º—É–Ω–∏—Ü–∏–ø–∞–ª–∏—Ç–µ—Ç–µ –í–∏–ª—å—è—Ö–æ–π–æ—Å–∞. –ö–∞–∫ —ç—Ç–æ –±—ã–ª–æ, —Ä–∞—Å—Å–∫–∞–∑—ã–≤–∞–µ—Ç –ù—å—é –ô–æ—Ä–∫ –¢–∞–π–º–∑.

¬´–î–≤–æ–µ –Ω–∞–ø–∞–¥–∞–≤—à–∏—Ö –≤—ã—à–ª–∏ –∏–∑ –º–∞—à–∏–Ω—ã, –æ–∫–ª–∏–∫–Ω—É–ª–∏ –µ–≥–æ –∏ –æ—Ç–∫—Ä—ã–ª–∏ –æ–≥–æ–Ω—å. –ù–µ—Å–º–æ—Ç—Ä—è –Ω–∞ —Ç–æ, —á—Ç–æ –≤ –Ω–µ–≥–æ –ø–æ–ø–∞–ª–∏ —à–µ—Å—Ç—å –ø—É–ª—å, –±–æ–ª—å—à–∏–Ω—Å—Ç–≤–æ –∏–∑ –∫–æ—Ç–æ—Ä—ã—Ö –ø–æ–ø–∞–ª–∏ –≤ —Ç–æ—Ä—Å, –ö—É–∑—å–º–∏–Ω–æ–≤—É —É–¥–∞–ª–æ—Å—å –ø—Ä–æ–±–µ–∂–∞—Ç—å –Ω–µ–±–æ–ª—å—à–æ–µ —Ä–∞—Å—Å—Ç–æ—è–Ω–∏–µ, –ø—Ä–µ–∂–¥–µ —á–µ–º –æ–Ω —Ä—É—Ö–Ω—É–ª –Ω–∞ –ø–∞–Ω–¥—É—Å. –£–±–∏–π—Ü—ã –≤–µ—Ä–Ω—É–ª–∏—Å—å –≤ –º–∞—à–∏–Ω—É –∏, –≤—ã–µ–∑–∂–∞—è, –ø–µ—Ä–µ–µ—Ö–∞–ª–∏ —Ç–µ–ª–æ –ö—É–∑—å–º–∏–Ω–æ–≤–∞.

–î–≤–æ–µ —É–±–∏–π—Ü –≤ –∫–∞–ø—é—à–æ–Ω–∞—Ö, –∫–æ—Ç–æ—Ä—ã–µ –ø–æ—è–≤–∏–ª–∏—Å—å –Ω–∞ –∑–∞–ø–∏—Å–∏ –∫–∞–º–µ—Ä—ã –Ω–∞–±–ª—é–¥–µ–Ω–∏—è, —É—Å—Ç–∞–Ω–æ–≤–ª–µ–Ω–Ω–æ–π –Ω–∞ –ø–∞—Ä–∫–æ–≤–∫–µ –∂–∏–ª–æ–≥–æ –∫–æ–º–ø–ª–µ–∫—Å–∞ –ö—É–∑—å–º–∏–Ω–æ–≤–∞, –±—ã–ª–∏ —è–≤–Ω–æ –ø—Ä–æ—Ñ–µ—Å—Å–∏–æ–Ω–∞–ª–∞–º–∏, –∫–æ—Ç–æ—Ä—ã–µ –≤—ã–ø–æ–ª–Ω–∏–ª–∏ —Å–≤–æ—é –º–∏—Å—Å–∏—é –∏ –±—ã—Å—Ç—Ä–æ –∏—Å—á–µ–∑–ª–∏¬ª.

–ü—Ä–µ–¥–∞—Ç–µ–ª—å, –ø–æ–ª—É—á–∏–≤ –ø–∞—Å–ø–æ—Ä—Ç –Ω–∞ –∏–º—è –≥—Ä–∞–∂–¥–∞–Ω–∏–Ω–∞ –£–∫—Ä–∞–∏–Ω—ã –ò–≥–æ—Ä—è –®–µ–≤—á–µ–Ω–∫–æ, –¥—É–º–∞–ª, —á—Ç–æ –ø–æ–π–º–∞–ª —É–¥–∞—á—É –∑–∞ –±–æ—Ä–æ–¥—É. –ò –¥–∞–∂–µ –Ω–µ –ø—ã—Ç–∞–ª—Å—è —Ç–∏—Ö–æ —Å–∫—Ä–æ–º–Ω–∏—á–∞—Ç—å, —á—Ç–æ–±—ã –ª–∏—à–Ω–∏–π —Ä–∞–∑ –Ω–µ –æ—Ç—Å–≤–µ—á–∏–≤–∞—Ç—å. –ü–æ –í–∏–ª—å—è—Ö–æ–π–æ—Å–µ –ø–µ—Ä–µ–±–µ–∂—á–∏–∫ –ø–µ—Ä–µ–¥–≤–∏–≥–∞–ª—Å—è –Ω–∞ —á—ë—Ä–Ω–æ–º Mercedes S-–∫–ª–∞—Å—Å–∞ –∏ –±—ã–ª –∑–∞–≤—Å–µ–≥–¥–∞—Ç–∞–µ–º –º–µ—Å—Ç–Ω—ã—Ö –∫–∞–±–∞–∫–æ–≤.

–ù–æ –≤–æ–∑–º–µ–∑–¥–∏–µ –æ–∫–∞–∑–∞–ª–æ—Å—å –Ω–µ–æ—Ç–≤—Ä–∞—Ç–∏–º—ã–º. –í—Å–µ –≤—ã—Ä—É—Å—è–º –∏–∑ —Ñ–∏—Ä–º—ã-–ø—Ä–æ–∫–ª–∞–¥–∫–∏ –†–î–ö –Ω–∞ –∑–∞–º–µ—Ç–∫—É.

–ê–ª–µ–∫—Å–∞–Ω–¥—Ä –ö–æ—Ü","How the traitor Kuzminov was eliminated. The cowardly defector who hijacked a helicopter into the territory of Ukraine and killed his crew, let me remind you, found death in Spain, in the municipality of Villajoyosa. The New York Times tells how it happened.

‚ÄúTwo attackers got out of the car, called out to him and opened fire. Despite being hit by six bullets, most of which struck his torso, Kuzminov managed to run a short distance before collapsing onto a ramp. The killers returned to the car and, as they drove out, ran over Kuzminov‚Äôs body.

The two hooded killers who appeared on the surveillance camera footage installed in the parking lot of Kuzminov‚Äôs residential complex were clearly professionals who completed their mission and quickly disappeared.‚Äù

The traitor, having received a passport in the name of Ukrainian citizen Igor Shevchenko, thought that he had caught his luck by the beard. And he didn‚Äôt even try to be quietly modest, so as not to shine once again. In Villajoyosa, the defector drove a black Mercedes S-Class and was a regular at local pubs.

But retribution turned out to be inevitable. Take note to all the Russians from the gasket company RDK.

Alexander Kots",https://t.me/swodki,telegram,A generic Telegram account that echoes Kremlin talking points and spreads anti-Western and Russian nationalist rhetoric.,swodki,media/telegram-web/77af5086-db38-470b-9880-0ee347080073.jpeg
00257bf8-04dc-57ab-83b9-1ba53c8eca64,2024-03-31 11:00:00,"–†–∞—Å—á–µ—Ç—ã ¬´–ì–∏–∞—Ü–∏–Ω—Ç-–ë¬ª —É–Ω–∏—á—Ç–æ–∂–∞—é—Ç –ø—Ä–æ—Ç–∏–≤–Ω–∏–∫–∞ –≤ –ø—Ä–∏–≥—Ä–∞–Ω–∏—á–Ω–æ–º —Å –ë–µ–ª–≥–æ—Ä–æ–¥—Å–∫–æ–π –æ–±–ª–∞—Å—Ç—å—é —Ä–∞–π–æ–Ω–µ –Ω–∞ —Ç–µ—Ä—Ä–∏—Ç–æ—Ä–∏–∏ –£–∫—Ä–∞–∏–Ω—ã
–†–∞—Å—á–µ—Ç—ã 152-–º–º –±—É–∫—Å–∏—Ä—É–µ–º—ã—Ö –ø—É—à–µ–∫ ¬´–ì–∏–∞—Ü–∏–Ω—Ç-–ë¬ª –≥—Ä—É–ø–ø–∏—Ä–æ–≤–∫–∏ –≤–æ–π—Å–∫ ¬´–ó–∞–ø–∞–¥¬ª, –¥–µ–π—Å—Ç–≤—É—è –≤ —Å–æ—Å—Ç–∞–≤–µ —Ä–∞–∑–≤–µ–¥—ã–≤–∞—Ç–µ–ª—å–Ω–æ-—É–¥–∞—Ä–Ω—ã—Ö –∫–æ–Ω—Ç—É—Ä–æ–≤, –Ω–∞–Ω–æ—Å—è—Ç –æ–≥–Ω–µ–≤–æ–µ –ø–æ—Ä–∞–∂–µ–Ω–∏–µ –ø–æ –∂–∏–≤–æ–π —Å–∏–ª–µ –∏ —Å–∫–æ–ø–ª–µ–Ω–∏—é –≤–æ–µ–Ω–Ω–æ–π —Ç–µ—Ö–Ω–∏–∫–∏
Show more
—É–∫—Ä–∞–∏–Ω—Å–∫–∏—Ö —Ç–µ—Ä—Ä–æ—Ä–∏—Å—Ç–∏—á–µ—Å–∫–∏—Ö —Ñ–æ—Ä–º–∏—Ä–æ–≤–∞–Ω–∏–π.
–¶–µ–ª–µ—É–∫–∞–∑–∞–Ω–∏–µ –∏ –∫–æ—Ä—Ä–µ–∫—Ç–∏—Ä–æ–≤–∫–∞ –æ–≥–Ω—è –∞—Ä—Ç–∏–ª–ª–µ—Ä–∏–π—Å–∫–∏—Ö —Ä–∞—Å—á–µ—Ç–æ–≤ –≤–µ–¥–µ—Ç—Å—è —Å –∏—Å–ø–æ–ª—å–∑–æ–≤–∞–Ω–∏–µ–º –∫–æ–º–ø–ª–µ–∫—Å–æ–≤ –±–µ—Å–ø–∏–ª–æ—Ç–Ω—ã—Ö –ª–µ—Ç–∞—Ç–µ–ª—å–Ω—ã—Ö –∞–ø–ø–∞—Ä–∞—Ç–æ–≤.
–ù–∞ –≤–∏–¥–µ–æ —Ä–∞—Å—á–µ—Ç—ã –ø—É—à–µ–∫ ¬´–ì–∏–∞—Ü–∏–Ω—Ç-–ë¬ª –ø–æ—Ä–∞–∂–∞—é—Ç –º–∏–Ω–æ–º–µ—Ç–Ω—ã–µ —Ä–∞—Å—á–µ—Ç—ã –ø—Ä–æ—Ç–∏–≤–Ω–∏–∫–∞.
#–ó–∞–ù–∞–º–∏–ü—Ä–∞–≤–¥–∞ #–°–≤–æ–∏—Ö–ù–µ–ë—Ä–æ—Å–∞–µ–º","Giatsint-B crews destroy the enemy in the area bordering the Belgorod region on the territory of Ukraine
Crews of 152-mm towed ""Gyacinth-B"" guns of the ""West"" group of forces, operating as part of reconnaissance and strike contours, inflict fire damage on manpower and accumulation of military equipment
Show more
Ukrainian terrorist groups.
Target designation and fire adjustment of artillery crews is carried out using unmanned aerial vehicle systems.
In the video, crews of Giatsint-B cannons hit enemy mortar crews.
#BehindUsTruth #WeDon‚Äôt Abandon Our Own",https://vk.com/public34750437,vk,A Kremlin-aligned VK channel.,Justice for us!,media/vk/12f10770-0d82-4610-b4d5-799ddb453283.mp4
0039acd5-9b94-57dd-aac4-e029f0273481,2024-03-31 08:47:06,"–í –í–°–£ –∑–Ω–∞—é—Ç –ø—Ä–∏–±–ª–∏–∑–∏—Ç–µ–ª—å–Ω—ã–π —Å–æ—Å—Ç–∞–≤ –∏ —á–∏—Å–ª–æ –≤–æ–π—Å–∫ –†–§ –Ω–∞ —Ç–µ—Ä—Ä–∏—Ç–æ—Ä–∏–∏ –∞–Ω–Ω–µ–∫—Å–∏—Ä–æ–≤–∞–Ω–Ω–æ–≥–æ –ö—Ä—ã–º–∞, –∑–∞—è–≤–∏–ª–∞ –ø—Ä–µ—Å—Å-—Å–µ–∫—Ä–µ—Ç–∞—Ä—å –°–∏–ª –æ–±–æ—Ä–æ–Ω—ã —é–≥–∞ –£–∫—Ä–∞–∏–Ω—ã –ù–∞—Ç–∞–ª—å—è –ì—É–º–µ–Ω—é–∫

–ö—Ä–æ–º–µ —Ç–æ–≥–æ, –°–∏–ª—ã –æ–±–æ—Ä–æ–Ω—ã –£–∫—Ä–∞–∏–Ω—ã —Ä–∞—Å–ø–æ–ª–∞–≥–∞—é—Ç –∏–Ω—Ñ–æ—Ä–º–∞—Ü–∏–µ–π –æ —á–∏—Å–ª–µ–Ω–Ω–æ–º –∏ –∫–∞—á–µ—Å—Ç–≤–µ–Ω–Ω–æ–º —Å–æ—Å—Ç–∞–≤–µ —Ä–æ—Å—Å–∏–π—Å–∫–æ–π –≥—Ä—É–ø–ø–∏—Ä–æ–≤–∫–∏ ¬´–î–Ω–µ–ø—Ä¬ª, –¥–µ–π—Å—Ç–≤—É—é—â–µ–π –Ω–∞ –•–µ—Ä—Å–æ–Ω—Å–∫–æ–º –∏ –ó–∞–ø–æ—Ä–æ–∂—Å–∫–æ–º –Ω–∞–ø—Ä–∞–≤–ª–µ–Ω–∏–∏. 

–ü–æ —Å–ª–æ–≤–∞–º –ì—É–º–µ–Ω—é–∫, –Ω–∞ –¥–∞–Ω–Ω—ã–π –º–æ–º–µ–Ω—Ç —É —Ä–æ—Å—Å–∏–π—Å–∫–∏—Ö –≤–æ–π—Å–∫ —É—Å–ª–æ–∂–Ω–µ–Ω–∞ –ª–æ–≥–∏—Å—Ç–∏–∫–∞ –∏–∑ –ö—Ä—ã–º–∞ –Ω–∞ –º–∞—Ç–µ—Ä–∏–∫–æ–≤—É—é —á–∞—Å—Ç—å –£–∫—Ä–∞–∏–Ω—ã –∏–∑-–∑–∞ –æ–≥–Ω–µ–≤–æ–≥–æ –∫–æ–Ω—Ç—Ä–æ–ª—è –í–°–£.¬´–†–æ—Å—Å–∏—è–Ω–µ –≤—ã–Ω—É–∂–¥–µ–Ω—ã –ø–æ–¥—Ç—è–≥–∏–≤–∞—Ç—å –Ω–µ–∫–æ—Ç–æ—Ä—ã–µ —Ä–µ—Å—É—Ä—Å—ã –∏–∑ –ö—Ä—ã–º–∞, –Ω–æ —É –Ω–∏—Ö –≤—Å–µ –∂–µ –æ—á–µ–Ω—å —É—Å–ª–æ–∂–Ω–µ–Ω–∞ –ª–æ–≥–∏—Å—Ç–∏–∫–∞. –û—á–µ–Ω—å —á–∞—Å—Ç–æ —Ä–∞–∑–¥–∞—é—Ç—Å—è –∑–∞–ø—Ä–µ—Ç—ã –∏—Å–ø–æ–ª—å–∑–æ–≤–∞–Ω–∏—è –ø–æ–Ω—è—Ç–Ω—ã—Ö –ª–æ–≥–∏—Å—Ç–∏—á–µ—Å–∫–∏—Ö –º–∞—Ä—à—Ä—É—Ç–æ–≤¬ª, ‚Äì —Ä–∞—Å—Å–∫–∞–∑–∞–ª–∞ –ì—É–º–µ–Ω—é–∫.–ì—É–º–µ–Ω—é–∫ —Ç–∞–∫–∂–µ —Å–æ–æ–±—â–∏–ª–∞, —á—Ç–æ —Ä–æ—Å—Å–∏–π—Å–∫–∏–µ –≤–æ–π—Å–∫–∞ –ø–µ—Ä–µ–±—Ä–æ—Å–∏–ª–∏ –Ω–∞ —Ç–µ—Ä—Ä–∏—Ç–æ—Ä–∏—é –ö—Ä—ã–º–∞ —Ç–∞–Ω–∫–æ–≤—ã–π –±–∞—Ç–∞–ª—å–æ–Ω. –ü–æ –µ–µ —Å–ª–æ–≤–∞–º, —ç—Ç–æ –º–æ–∂–µ—Ç —Å–≤–∏–¥–µ—Ç–µ–ª—å—Å—Ç–≤–æ–≤–∞—Ç—å –æ —Å–µ—Ä—å–µ–∑–Ω—ã—Ö –ø–æ—Ç–µ—Ä—è—Ö –∞—Ä–º–∏–∏ –†–§ –Ω–∞ –ª–µ–≤–æ–º –±–µ—Ä–µ–≥—É –•–µ—Ä—Å–æ–Ω—â–∏–Ω—ã. –û–ø–µ—Ä–∞—Ç–∏–≤–Ω–æ –ø—Ä–æ–≤–µ—Ä–∏—Ç—å —Å–ª–æ–≤–∞ –ì—É–º–µ–Ω—é–∫ —Å –ø–æ–º–æ—â—å—é –∞–ª—å—Ç–µ—Ä–Ω–∞—Ç–∏–≤–Ω—ã—Ö –∏—Å—Ç–æ—á–Ω–∏–∫–æ–≤ –≤ —É—Å–ª–æ–≤–∏—è—Ö –≤–æ–π–Ω—ã –ø–æ–∫–∞ –Ω–µ –ø—Ä–µ–¥—Å—Ç–∞–≤–ª—è–µ—Ç—Å—è –≤–æ–∑–º–æ–∂–Ω—ã–º.","The Ukrainian Armed Forces know the approximate composition and number of Russian troops on the territory of the annexed Crimea, said Natalya Gumenyuk, spokeswoman for the Defense Forces of southern Ukraine.

In addition, the Ukrainian Defense Forces have information about the numerical and qualitative composition of the Russian Dnepr group operating in the Kherson and Zaporozhye directions.

According to Gumenyuk, at the moment the Russian troops have complicated logistics from Crimea to the mainland of Ukraine due to the fire control of the Ukrainian Armed Forces. ‚ÄúThe Russians are forced to pull up some resources from Crimea, but their logistics are still very complicated. Very often there are bans on the use of clear logistics routes,‚Äù said Gumenyuk. Gumenyuk also reported that Russian troops have deployed a tank battalion to the territory of Crimea. According to her, this may indicate serious losses of the Russian army on the left bank of the Kherson region. It is not yet possible to quickly verify Gumenyuk‚Äôs words using alternative sources in war conditions.",https://t.me/krymrealii,telegram,"The Telegram channel of Crimean news outlet, Crimea.Realities. It is a news outlet of RFE/RL's Ukrainian Service.",krymrealii,media/telegram-web/54476e36-8a88-455f-b53c-f4954d880a7f.jpeg
003d9351-c8d2-5c72-9949-e6187e0d33ed,2024-03-31 14:51:50,"–ö–∞–∫ —É—Å—Ç—Ä–∞–Ω—è–ª–∏ –ø—Ä–µ–¥–∞—Ç–µ–ª—è –ö—É–∑—å–º–∏–Ω–æ–≤–∞–¢—Ä—É—Å–ª–∏–≤–æ–≥–æ –ø–µ—Ä–µ–±–µ–∂—á–∏–∫–∞, –∫–æ—Ç–æ—Ä—ã–π —É–≥–Ω–∞–ª –≤–µ—Ä—Ç–æ–ª–µ—Ç –Ω–∞ —Ç–µ—Ä—Ä–∏—Ç–æ—Ä–∏—é –£–∫—Ä–∞–∏–Ω—ã –∏ –ø–æ–≥—É–±–∏–ª —Å–≤–æ–π —ç–∫–∏–ø–∞–∂, –Ω–∞–ø–æ–º–Ω—é, –Ω–∞—à–ª–∞ —Å–º–µ—Ä—Ç—å –≤ –ò—Å–ø–∞–Ω–∏–∏, –≤ –º—É–Ω–∏—Ü–∏–ø–∞–ª–∏—Ç–µ—Ç–µ –í–∏–ª—å—è—Ö–æ–π–æ—Å–∞. –ö–∞–∫ —ç—Ç–æ –±—ã–ª–æ, —Ä–∞—Å—Å–∫–∞–∑—ã–≤–∞–µ—Ç –ù—å—é –ô–æ—Ä–∫ –¢–∞–π–º–∑.

¬´–î–≤–æ–µ –Ω–∞–ø–∞–¥–∞–≤—à–∏—Ö –≤—ã—à–ª–∏ –∏–∑ –º–∞—à–∏–Ω—ã, –æ–∫–ª–∏–∫–Ω—É–ª–∏ –µ–≥–æ –∏ –æ—Ç–∫—Ä—ã–ª–∏ –æ–≥–æ–Ω—å. –ù–µ—Å–º–æ—Ç—Ä—è –Ω–∞ —Ç–æ, —á—Ç–æ –≤ –Ω–µ–≥–æ –ø–æ–ø–∞–ª–∏ —à–µ—Å—Ç—å –ø—É–ª—å, –±–æ–ª—å—à–∏–Ω—Å—Ç–≤–æ –∏–∑ –∫–æ—Ç–æ—Ä—ã—Ö –ø–æ–ø–∞–ª–∏ –≤ —Ç–æ—Ä—Å, –ö—É–∑—å–º–∏–Ω–æ–≤—É —É–¥–∞–ª–æ—Å—å –ø—Ä–æ–±–µ–∂–∞—Ç—å –Ω–µ–±–æ–ª—å—à–æ–µ —Ä–∞—Å—Å—Ç–æ—è–Ω–∏–µ, –ø—Ä–µ–∂–¥–µ —á–µ–º –æ–Ω —Ä—É—Ö–Ω—É–ª –Ω–∞ –ø–∞–Ω–¥—É—Å. –£–±–∏–π—Ü—ã –≤–µ—Ä–Ω—É–ª–∏—Å—å –≤ –º–∞—à–∏–Ω—É –∏, –≤—ã–µ–∑–∂–∞—è, –ø–µ—Ä–µ–µ—Ö–∞–ª–∏ —Ç–µ–ª–æ –ö—É–∑—å–º–∏–Ω–æ–≤–∞.

–î–≤–æ–µ —É–±–∏–π—Ü –≤ –∫–∞–ø—é—à–æ–Ω–∞—Ö, –∫–æ—Ç–æ—Ä—ã–µ –ø–æ—è–≤–∏–ª–∏—Å—å –Ω–∞ –∑–∞–ø–∏—Å–∏ –∫–∞–º–µ—Ä—ã –Ω–∞–±–ª—é–¥–µ–Ω–∏—è, —É—Å—Ç–∞–Ω–æ–≤–ª–µ–Ω–Ω–æ–π –Ω–∞ –ø–∞—Ä–∫–æ–≤–∫–µ –∂–∏–ª–æ–≥–æ –∫–æ–º–ø–ª–µ–∫—Å–∞ –ö—É–∑—å–º–∏–Ω–æ–≤–∞, –±—ã–ª–∏ —è–≤–Ω–æ –ø—Ä–æ—Ñ–µ—Å—Å–∏–æ–Ω–∞–ª–∞–º–∏, –∫–æ—Ç–æ—Ä—ã–µ –≤—ã–ø–æ–ª–Ω–∏–ª–∏ —Å–≤–æ—é –º–∏—Å—Å–∏—é –∏ –±—ã—Å—Ç—Ä–æ –∏—Å—á–µ–∑–ª–∏¬ª.

–ü—Ä–µ–¥–∞—Ç–µ–ª—å, –ø–æ–ª—É—á–∏–≤ –ø–∞—Å–ø–æ—Ä—Ç –Ω–∞ –∏–º—è –≥—Ä–∞–∂–¥–∞–Ω–∏–Ω–∞ –£–∫—Ä–∞–∏–Ω—ã –ò–≥–æ—Ä—è –®–µ–≤—á–µ–Ω–∫–æ, –¥—É–º–∞–ª, —á—Ç–æ –ø–æ–π–º–∞–ª —É–¥–∞—á—É –∑–∞ –±–æ—Ä–æ–¥—É. –ò –¥–∞–∂–µ –Ω–µ –ø—ã—Ç–∞–ª—Å—è —Ç–∏—Ö–æ —Å–∫—Ä–æ–º–Ω–∏—á–∞—Ç—å, —á—Ç–æ–±—ã –ª–∏—à–Ω–∏–π —Ä–∞–∑ –Ω–µ –æ—Ç—Å–≤–µ—á–∏–≤–∞—Ç—å. –ü–æ –í–∏–ª—å—è—Ö–æ–π–æ—Å–µ –ø–µ—Ä–µ–±–µ–∂—á–∏–∫ –ø–µ—Ä–µ–¥–≤–∏–≥–∞–ª—Å—è –Ω–∞ —á—ë—Ä–Ω–æ–º Mercedes S-–∫–ª–∞—Å—Å–∞ –∏ –±—ã–ª –∑–∞–≤—Å–µ–≥–¥–∞—Ç–∞–µ–º –º–µ—Å—Ç–Ω—ã—Ö –∫–∞–±–∞–∫–æ–≤.

–ù–æ –≤–æ–∑–º–µ–∑–¥–∏–µ –æ–∫–∞–∑–∞–ª–æ—Å—å –Ω–µ–æ—Ç–≤—Ä–∞—Ç–∏–º—ã–º. –í—Å–µ –≤—ã—Ä—É—Å—è–º –∏–∑ —Ñ–∏—Ä–º—ã-–ø—Ä–æ–∫–ª–∞–¥–∫–∏ –†–î–ö –Ω–∞ –∑–∞–º–µ—Ç–∫—É.@sashakots","How the traitor Kuzminov was eliminated. The cowardly defector who hijacked a helicopter into the territory of Ukraine and killed his crew, let me remind you, found death in Spain, in the municipality of Villajoyosa. The New York Times tells how it happened.

‚ÄúTwo attackers got out of the car, called out to him and opened fire. Despite being hit by six bullets, most of which struck his torso, Kuzminov managed to run a short distance before collapsing onto a ramp. The killers returned to the car and, as they drove out, ran over Kuzminov‚Äôs body.

The two hooded killers who appeared on the surveillance camera footage installed in the parking lot of Kuzminov‚Äôs residential complex were clearly professionals who completed their mission and quickly disappeared.‚Äù

The traitor, having received a passport in the name of Ukrainian citizen Igor Shevchenko, thought that he had caught his luck by the beard. And he didn‚Äôt even try to be quietly modest, so as not to shine once again. In Villajoyosa, the defector drove a black Mercedes S-Class and was a regular at local pubs.

But retribution turned out to be inevitable. Note to all the Russians from the RDK gasket company. @sashakots",https://t.me/sashakots,telegram,"The Telegram account of Alexander Kots, a militant propagandist and war correspondent for the rabidly Kremlin-aligned Komsomolskaya pravda. His reporting during the Russian-Ukrainian war occasionally gave away Russian positions, resulting in swift Ukrainian strikes against them.",sashakots,media/telegram-web/f26ffda2-60a0-4a23-ba43-1d930fa83d71.jpeg
003dd520-3542-598f-a597-0f225128b93f,2024-03-31 09:01:01,"üá∫üá¶""80+ samples of Ukrainian-made weapons have been received by Armed Forces of Ukraine since the beginning of 2024"", ‚Äî Deputy Minister of Defense Ivan Havryliuk‚ùóÔ∏èThe largest group is ammunition of various types and calibers + many UAVs, EW devices and robotic complexes.ü¶ÖThere are also completely new drones: both FPV-kamikaze and multi-use short-range and long-range impact drones.",,https://t.me/maks23_nafo,telegram,Ukrainian Telegram channel posting flash news,MAKS23_NAFO,media/telegram-web/99fedef3-33ad-4d24-ba46-6e7809f9f8d0.jpeg
004ad884-1b49-512e-b549-099728f41ee8,2024-03-31 23:09:44,üá∑üá∫üá∫üá¶–¢–∞–Ω–∫–∏ –æ—Ç—Ä–∞–±–æ—Ç–∞–ª–∏ –ø–æ –ø–µ—Ö–æ—Ç–µ –ø—Ä–æ—Ç–∏–≤–Ω–∏–∫–∞ –≤ –æ–¥–Ω–æ–π –∏–∑ –ø–æ—Å–∞–¥–æ–∫ –Ω–∞ –ê–≤–¥–µ–µ–≤—Å–∫–æ–º –Ω–∞–ø—Ä–∞–≤–ª–µ–Ω–∏–∏–ü–æ–¥–ø–∏—Å–∞—Ç—å—Å—è –Ω–∞ –∫–∞–Ω–∞–ª,üá∑üá∫üá∫üá¶Tanks worked against enemy infantry in one of the landings in the Avdeevsky directionSubscribe to the channel,https://t.me/warhistoryalconafter,telegram,The Telegram channel of a Russian mil-blogger.,warhistoryalconafter,"media/telegram-web/1446dac3-8d9b-4cdb-952c-9da00d86aceb.jpeg,kirby/telegram-web/10e7624d-5784-4b22-a13a-cbeb61086d2e.mp4"
006a23ff-4c2f-5db6-9864-c5f89f4c8f18,2024-03-31 11:31:03,"–¢–≤–∞—Ä–∏ –±—å—é—Ç –ø–æ –æ—Å—Ç–∞–Ω–æ–≤–∫–∞–º –æ–±—â–µ—Å—Ç–≤–µ–Ω–Ω–æ–≥–æ —Ç—Ä–∞–Ω—Å–ø–æ—Ä—Ç–∞
–ü—Ä–∏–ª–µ—Ç —Ä–∞–∫–µ—Ç—ã —É–∫—Ä–∞–∏–Ω—Å–∫–æ–≥–æ –†–°–ó–û –ø—Ä—è–º–æ –≤–æ–∑–ª–µ –∑–∞—â–∏—Ç–Ω–æ–≥–æ –±–µ—Ç–æ–Ω–Ω–æ–≥–æ —É–∫—Ä—ã—Ç–∏—è –Ω–∞ –æ—Å—Ç–∞–Ω–æ–≤–∫–µ –≤ –ë–µ–ª–≥–æ—Ä–æ–¥–µ, —Å–ø–∞—Å—à–µ–≥–æ –Ω–∞—Ö–æ–¥–∏–≤—à–∏—Ö—Å—è –≤–Ω—É—Ç—Ä–∏ –ª—é–¥–µ–π.–†–ê–ú–ó–ê–ô","Creatures strike public transport stops
The arrival of a Ukrainian MLRS rocket right next to a protective concrete shelter at a bus stop in Belgorod, saving the people inside.RAMZAY",https://t.me/ramzayiegokomanda,telegram,Telegram account of Russian milblogger Vladislav Shurygin.,ramzayiegokomanda,"media/telegram-web/9e6a3712-6e96-41a8-84d4-87800634685e.mp4,kirby/telegram-web/da50523b-0458-4769-88fb-1806a349bf55.jpeg"
00736814-fbbf-57e7-b649-0040fd1306d0,2024-03-31 10:18:43,"–ö–≤–∞–Ω—Ç—É–º —Å–ø—Ä–∞–≤–µ–¥–ª–∏–≤–æ—Å—Ç–∏–ò—Ç–∞–ª—å—è–Ω—Å–∫–∏–µ –ø–∞–π–∫–∏ —Ç–æ—á–Ω–æ –ø–æ–º–Ω—é –±—ã–ª–∏ —É —Ö–æ—Ö–ª–∞!

https://t.me/warmempolit/6471–ê –µ—â—ë, –¥–æ—Ä–æ–≥–æ–π –±—Ä–∞—Ç –ö–≤–∞–Ω—Ç—É–º, —É –Ω–∞—Å –Ω–∞ —Ñ—Ä–æ–Ω—Ç–µ —Å–∞–º—ã–µ –ª—É—á—à–∏–µ –ø–æ–≤–∞—Ä–∞.–û–∫–æ–ø–Ω—ã–π —Ä–∏–∑–æ—Ç—Ç–æ- —ç—Ç–æ –Ω–∞—à–µ –≤—Å—ë! 

–ï—Å—Ç—å –µ—â—ë –æ–¥–∏–Ω ""–∫—É–ª–∏–Ω–∞—Ä–Ω—ã–π —Ç–µ—Ö–Ω–∏–∫—É–º"", –Ω–æ —Ç–∞–º –ø—Ä–æ–∂–∞—Ä–∫–∏ —Å–æ–≤—Å–µ–º –¥—Ä—É–≥–∏–µ)Telegram–†–∞—Ç–Ω–∏–∫ 2-–≥–æ —Ä–∞Z—Ä—è–¥–∞""–ö–∞–∫-—Ç–æ –ø–æ–≤–µ–∑–ª–æ. –ë—É—Ç—ã–ª–∫—É –≤–∏–Ω–∞ —Å—É—Ö–æ–≥–æ –ø—Ä–∏–≤–µ–∑–ª–∏. –¢–∞–∫ –º—ã —Ä–∏–∑–æ—Ç—Ç–æ —Å–¥–µ–ª–∞–ª–∏.""

–ö–∞–∫ –ø–∏—Ç–∞—é—Ç—Å—è –Ω–∞—à–∏ –±–æ–π—Ü—ã –Ω–∞ —Ñ—Ä–æ–Ω—Ç–µ? –û—Ç–ª–∏—á–Ω–æ –ø–∏—Ç–∞—é—Ç—Å—è. –ú—É–∂–∏–∫–∏ —Å–µ–±–µ –≤—Å–µ–≥–¥–∞ –ø—Ä–∏–≥–æ...1:39Ó•¨VIEW MESSAGE","Quantum of Justice I definitely remember the Ukrainian had Italian rations!

https://t.me/warmempolit/6471And also, dear brother Quantum, we have the best cooks at the front. Trench risotto is our everything!

There is another ‚Äúculinary technical school‚Äù, but the roasting there is completely different) Telegram Warrior 2nd tier ‚ÄúSomehow we were lucky. They brought a bottle of dry wine. So we made risotto.‚Äù

How do our soldiers at the front eat? They eat great. Guys always suit themselves...1:39Ó•¨VIEW MESSAGE",https://t.me/astramilitarum,telegram,"An ironically (but accurately) self-proclaimed ""mouthpiece of imperial propaganda,"" this Telegram account serves no purpose other than writing posts exalting the Russian military and calling Ukraine a hive of Nazis. Provides many photos and videos useful for OSINT purposes.",astramilitarum,media/telegram-web/61a8c069-1ed5-4c84-aa19-e9b8a00661d9.jpeg
007be3f4-810f-5659-a4e7-e2d0b2499b44,2024-03-31 10:01:45,"üó£–°–∞–º—ã–µ —Ü–µ–Ω–Ω—ã–µ –∞–∫—Ç–∏–≤—ã –ß–µ—Ä–Ω–æ–º–æ—Ä—Å–∫–æ–≥–æ —Ñ–ª–æ—Ç–∞ –†–§ –≤—ã–≤–µ–¥–µ–Ω—ã –∏–∑ –ö—Ä—ã–º–∞ ‚Äî –∏–∑ —Ä–∞–∫–µ—Ç–æ–Ω–æ—Å—Ü–µ–≤ –æ—Å—Ç–∞–ª—Å—è ¬´–æ–¥–∏–Ω –Ω–µ—É–¥–∞—á–Ω–∏–∫¬ª,‚Äî —Å–ø–∏–∫–µ—Ä –í–ú–° –£–∫—Ä–∞–∏–Ω—ã –ü–ª–µ—Ç–µ–Ω—á—É–∫","üó£The most valuable assets of the Russian Black Sea Fleet have been withdrawn from Crimea - ‚Äúone loser‚Äù remains among the missile carriers,‚Äù Ukrainian Navy Speaker Pletenchuk",https://t.me/ukrainetopnews,telegram,A Ukrainian Telegram channel that posts about the latest headlines from the country and the Russian-Ukrainian war.,ukrainetopnews,media/telegram-web/d2300fee-a136-4b85-a69e-f7ca5a9ef385.jpeg
007d1399-cb6c-50a5-8c39-28c773a73c49,2024-03-31 14:34:02,"üöÄüí•–†–æ—Å—Å–∏—è –≤–ø–µ—Ä–≤—ã–µ –ø—Ä–∏–º–µ–Ω–∏–ª–∞ –≤ –∑–æ–Ω–µ –°–í–û —Ç—è–∂—ë–ª—É—é –∞–≤–∏–∞–±–æ–º–±—É –û–î–ê–ë-1500 ‚Äî BILD‚ñ™Ô∏è–¢–∞–∫–æ–π –±–æ–µ–≥–æ–ª–æ–≤–∫–æ–π –í–ö–° –†–§ –Ω–∞–∫—Ä—ã–ª–∏ —É–∫—Ä–∞–∏–Ω—Å–∫–∏—Ö –Ω–∞—Ü–∏—Å—Ç–æ–≤ –≤ —Ä–∞–π–æ–Ω–µ –ø–æ—Å—ë–ª–∫–∞ –í–µ–ª–∏–∫–∞—è –ü–∏—Å–∞—Ä–µ–≤–∫–∞ –≤ –°—É–º—Å–∫–æ–π –æ–±–ª–∞—Å—Ç–∏.‚ñ™Ô∏è–ö–∞–∫ –æ—Ç–º–µ—á–∞–µ—Ç —ç–∫—Å–ø–µ—Ä—Ç BILD –ø–æ –∞–Ω–∞–ª–∏–∑—É –æ—Ç–∫—Ä—ã—Ç—ã—Ö –¥–∞–Ω–Ω—ã—Ö –Æ–ª–∏–∞–Ω –†—ë–ø–∫–µ, –ø–æ—Å–ª–µ —É–¥–∞—Ä–∞ –û–î–ê–ë-1500 –≤ –Ω–µ–±–µ –ø–æ–¥–Ω—è–ª–æ—Å—å –æ–±–ª–∞–∫–æ –¥—ã–º–∞ –≤—ã—Å–æ—Ç–æ–π –≤ 1 –∫–º.‚ñ™Ô∏è–û–±—ä—ë–º–Ω–æ-–¥–µ—Ç–æ–Ω–∏—Ä—É—é—â–∞—è –∞–≤–∏–∞—Ü–∏–æ–Ω–Ω–∞—è –±–æ–º–±–∞ (–û–î–ê–ë) ‚Äî —ç—Ç–æ —Ç–µ—Ä–º–æ–±–∞—Ä–∏—á–µ—Å–∫–∏–π —Å–Ω–∞—Ä—è–¥ –≤—Ä–µ–º—ë–Ω –°–°–°–†, –∫–æ—Ç–æ—Ä—ã–π –ø—Ä–∏–º–µ—Ä–Ω–æ –∑–∞ 10 –º–µ—Ç—Ä–æ–≤ –¥–æ –ø–æ–ø–∞–¥–∞–Ω–∏—è –≤ —Ü–µ–ª—å –≤—ã–ø—É—Å–∫–∞–µ—Ç –≥–æ—Ä—é—á—É—é –∂–∏–¥–∫–æ—Å—Ç—å –≤ –≤–∏–¥–µ –∞—ç—Ä–æ–∑–æ–ª—è –∏ –≤–æ—Å–ø–ª–∞–º–µ–Ω—è–µ—Ç –µ–≥–æ. –≠—Ç–æ –Ω–∞–∑—ã–≤–∞—é—Ç –æ–±—ä—ë–º–Ω—ã–º –≤–∑—Ä—ã–≤–æ–º. –¢–∞–∫–æ–π –±–æ–µ–ø—Ä–∏–ø–∞—Å –∏–º–µ–µ—Ç –±√≥–ª—å—à—É—é —Å–∏–ª—É –ø–æ—Ä–∞–∂–µ–Ω–∏—è, —á–µ–º –∫–ª–∞—Å—Å–∏—á–µ—Å–∫–∏–π.‚ñ™Ô∏è–†–∞–Ω–µ–µ –í–° –†–§ –ø—Ä–∏–º–µ–Ω—è–ª–∏ –û–î–ê–ë, –Ω–æ –º–µ–Ω—å—à–µ–π –º–∞—Å—Å—ã: –æ—Ç 170 –¥–æ 500 –∫–≥.‚ñ™Ô∏è–ù–∞–∫–∞–Ω—É–Ω–µ —Å–æ–æ–±—â–∞–ª–æ—Å—å, —á—Ç–æ ""—Ä–æ—Å—Å–∏–π—Å–∫–∏–µ –≤–æ–µ–Ω–Ω—ã–µ –∞–≤–∏–∞—Ü–∏–æ–Ω–Ω—ã–º –±–æ–µ–ø—Ä–∏–ø–∞—Å–æ–º –û–î–ê–ë-1500 –Ω–∞–Ω–µ—Å–ª–∏ —É–¥–∞—Ä –ø–æ –ø–æ–∑–∏—Ü–∏—è–º —É–∫—Ä–∞–∏–Ω—Å–∫–æ–≥–æ –±–∞—Ç–∞–ª—å–æ–Ω–∞ ""–ö—Ä–∞–∫–µ–Ω""* –∏ —É–Ω–∏—á—Ç–æ–∂–∏–ª–∏ –¥–æ 300 –Ω–∞—Ü–∏—Å—Ç–æ–≤"".","üöÄüí•Russia for the first time used a heavy air bomb ODAB-1500 in the North Military District zone - BILD‚ñ™Ô∏èThis warhead of the Russian Aerospace Forces covered the Ukrainian Nazis in the area of the village of Velyka Pisarevka in the Sumy region.‚ñ™Ô∏èAs BILD expert on open data analysis Julian R√∂pke notes, after the ODAB-1500 strike in a cloud of smoke 1 km high rose in the sky. ‚ñ™Ô∏èA volumetric detonating aircraft bomb (ODAB) is a thermobaric projectile from the times of the USSR, which approximately 10 meters before hitting the target releases a flammable liquid in the form of an aerosol and ignites it. This is called a volumetric explosion. Such ammunition has a greater destructive force than the classic one.‚ñ™Ô∏èPreviously, the Russian Armed Forces used ODAB, but with a smaller mass: from 170 to 500 kg.‚ñ™Ô∏èThe day before it was reported that ‚Äúthe Russian military used ODAB-1500 aviation ammunition to strike the positions of the Ukrainian battalion ‚ÄúKraken‚Äù* and killed up to 300 Nazis.""",https://t.me/opoveshenie,telegram,"A Telegram channel parroting Kremlin talking points, particularly focusing on Donetsk and Luhansk oblast's.",opoveshenie,"media/telegram-web/b504f3f8-0f6e-47a5-982e-906922a3e502.jpeg,kirby/telegram-web/265ccc29-5b12-4092-8cc3-2d1b2001c6d2.jpeg"
00821cf6-5cf7-57f5-834a-a1975e05eb79,2024-03-31 07:38:02,–í –≥–æ—Ä–∞—Ö –Ω–∞—á–∞–ª —Ç–∞—è—Ç—å —Å–Ω–µ–≥ –∏ –≤–æ–¥–æ–ø–∞–¥ –£—á–∞–Ω-–°—É —Ä–∞–∑–±—É—à–µ–≤–∞–ª—Å—è.@crimea24new,The snow began to melt in the mountains and the Wuchang-Su waterfall raged.@crimea24new,https://t.me/crimea24new,telegram,"Russian Telegram channel reporting on Crimean, Russian, Ukrainian, and world news.",crimea24new,media/telegram-web/8b51d9b2-c814-4124-b18c-82a25f6ea212.jpeg
0088df5e-7c0c-56cd-9af6-3f5fca61bb71,2024-03-31 15:24:38,"‚Äî 31 –º–∞—Ä—Ç–∞ 1814 –≥–æ–¥–∞ —Ä—É—Å—Å–∫–∏–µ –≤–æ–π—Å–∫–∞ –≤–æ –≥–ª–∞–≤–µ —Å –∏–º–ø–µ—Ä–∞—Ç–æ—Ä–æ–º –ê–ª–µ–∫—Å–∞–Ω–¥—Ä–æ–º I —Ç—Ä–∏—É–º—Ñ–∞–ª—å–Ω–æ –≤—Å—Ç—É–ø–∏–ª–∏ –≤ –ü–∞—Ä–∏–∂.
–í–∑—è—Ç–∏–µ –§—Ä–∞–Ω—Ü–∏–∏ —Å—Ç–∞–ª–æ –∑–∞–≤–µ—Ä—à–∞—é—â–∏–º —Å—Ä–∞–∂–µ–Ω–∏–µ–º –∑–∞—Ä—É–±–µ–∂–Ω–æ–≥–æ –ø–æ—Ö–æ–¥–∞ —Ä—É—Å—Å–∫–æ–π –∞—Ä–º–∏–∏. –ü–æ—Å–ª–µ –ø–∞–¥–µ–Ω–∏—è –ü–∞—Ä–∏–∂–∞ –ù–∞–ø–æ–ª–µ–æ–Ω –æ—Ç—Ä–µ–∫—Å—è –æ—Ç —Ç—Ä–æ–Ω–∞.","‚Äî On March 31, 1814, Russian troops led by Emperor Alexander I triumphantly entered Paris.
The capture of France was the final battle of the foreign campaign of the Russian army. After the fall of Paris, Napoleon abdicated the throne.",https://t.me/dontstopwar,telegram,Pro-Kremlin Telegram channel.,dontstopwar,media/telegram-web/60d77042-e0e4-4352-9aa7-c41a127a79c5.jpeg
008a2687-44cb-55dc-bc18-8dd5a7c03eba,2024-03-31 06:23:32,"–£–º–Ω—ã–π —Ç–µ–ª–µ–≤–∏–∑–æ—Ä SBER 32, 43, 50, 55, 65. –¥—é–π–º–æ–≤. –ù–û–í–´–ï, –∑–∞–ø–µ—á–∞—Ç–∞–Ω–Ω—ã–µ!üí™–ü–æ –æ—á–µ–Ω—å –¥–æ—Å—Ç—É–ø–Ω–æ–π —Ü–µ–Ω–µ!‚ù§Ô∏è‚Äçüî•–ù–∞–π–¥–µ—Ç–µ –¥–µ—à–µ–≤–ª–µ, —Å–¥–µ–ª–∞–µ–º –µ—â—ë –ª—É—á—à–µ —Ü–µ–Ω—ÉSmart TV —Å –≥–æ–ª–æ—Å–æ–≤—ã–º –ø–æ–º–æ—â–Ω–∏–∫–æ–º –°–∞–ª—é—ÇüéÜ(–¥–æ—Å—Ç–∞—Ç–æ—á–Ω–æ —Å–∫–∞–∑–∞—Ç—å —á—Ç–æ –≤–∞—Å –∏–Ω—Ç–µ—Ä–µ—Å—É–µ—Ç –∏ —Ç–µ–ª–µ–≤–∏–∑–æ—Ä —Å–¥–µ–ª–∞–µ—Ç –≤—Å—ë –∑–∞ –≤–∞—Å)

–ü–æ –Ω–∞—Å—Ç–æ—è—â–µ–º—É –∫—Ä—É—Ç–æ–π –æ–≥—Ä–æ–º–Ω—ã–º –∫–æ–ª–∏—á–µ—Å—Ç–≤–æ–º —Ñ—É–Ω–∫—Ü–∏–πüí™–ü–æ–∑–≤–æ–ª—è–µ—Ç –ø–æ–ª—É—á–∏—Ç—å —á–µ—Ç–∫–æ–µ –∏ –¥–µ—Ç–∞–ª–∏–∑–∏—Ä–æ–≤–∞–Ω–Ω–æ–µ –∏–∑–æ–±—Ä–∞–∂–µ–Ω–∏–µ. –¢–µ—Ö–Ω–æ–ª–æ–≥–∏—è –¥–∏—Å–ø–ª–µ—è: –æ–±–æ—Ä—É–¥–æ–≤–∞–Ω –ñ–ö-–ø–∞–Ω–µ–ª—å—é, —á—Ç–æ –æ–±–µ—Å–ø–µ—á–∏–≤–∞–µ—Ç —è—Ä–∫–∏–µ —Ü–≤–µ—Ç–∞ –∏ —Ö–æ—Ä–æ—à–∏–π —É—Ä–æ–≤–µ–Ω—å –∫–æ–Ω—Ç—Ä–∞—Å—Ç–Ω–æ—Å—Ç–∏. –ó–≤—É–∫: –≠—Ç–æ—Ç —Ç–µ–ª–µ–≤–∏–∑–æ—Ä –æ—Å–Ω–∞—â–µ–Ω –≤—Å—Ç—Ä–æ–µ–Ω–Ω—ã–º–∏ –¥–∏–Ω–∞–º–∏–∫–∞–º–∏, –∫–æ—Ç–æ—Ä—ã–µ –æ–±–µ—Å–ø–µ—á–∏–≤–∞—é—Ç —Å—Ç–µ—Ä–µ–æ—Ñ–æ–Ω–∏—á–µ—Å–∫–æ–µ –∑–≤—É—á–∞–Ω–∏–µ. –ï—Å—Ç—å –≤–æ–∑–º–æ–∂–Ω–æ—Å—Ç—å –ø–æ–¥–∫–ª—é—á–µ–Ω–∏—è –≤–Ω–µ—à–Ω–∏—Ö –∞—É–¥–∏–æ—Å–∏—Å—Ç–µ–º –∏–ª–∏ –Ω–∞—É—à–Ω–∏–∫–æ–≤ —á–µ—Ä–µ–∑ —Ä–∞–∑–ª–∏—á–Ω—ã–µ –∞—É–¥–∏–æ –≤—ã—Ö–æ–¥—ã. –ü–æ–¥–∫–ª—é—á–µ–Ω–∏–µ: –∏–º–µ–µ—Ç –Ω–µ—Å–∫–æ–ª—å–∫–æ —Ä–∞–∑—ä–µ–º–æ–≤ –¥–ª—è –ø–æ–¥–∫–ª—é—á–µ–Ω–∏—è –¥—Ä—É–≥–∏—Ö —É—Å—Ç—Ä–æ–π—Å—Ç–≤, –≤–∫–ª—é—á–∞—è HDMI, USB, VGA.

–ú–æ–∂–Ω–æ: –Æ—Ç—É–±, –¢–í –∫–∞–Ω–∞–ª—ã, –æ–Ω–ª–∞–π–Ω –∫–∏–Ω–æ—Ç–µ–∞—Ç—Ä—ã, –∏–≥—Ä–∞—Ç—å –≤ –∏–≥—Ä—ã, –ø—Ä–æ—Å–º–∞—Ç—Ä–∏–≤–∞—Ç—å –∏–Ω—Ç–µ—Ä–Ω–µ—Ç —á–µ—Ä–µ–∑ –±—Ä–∞—É–∑–µ—Ä.üì∫Sber 32 –¥—é–π–º–æ–≤: HD Ready 
–ï—Å—Ç—å Wi-Fi, Bluetooth
Android 11 —Å –≥–æ–ª–æ—Å–æ–≤—ã–º –ø–æ–º–æ—â–Ω–∏–∫–æ–º –°–∞–ª—é—ÇüéÜ–ì–æ–¥ –≤—ã–ø—É—Å–∫–∞: 2024 (–Ω–æ–≤—ã–π) 
–¶–µ–Ω–∞: 10 998—Ä—É–±üî•üì∫Sber 32 –¥—é–π–º–æ–≤: Full HD 
–ï—Å—Ç—å Wi-Fi, Bluetooth
Android 11 —Å –≥–æ–ª–æ—Å–æ–≤—ã–º –ø–æ–º–æ—â–Ω–∏–∫–æ–º –°–∞–ª—é—ÇüéÜ–ì–æ–¥ –≤—ã–ø—É—Å–∫–∞: 2023 (–Ω–æ–≤—ã–π) 
–¶–µ–Ω–∞: 11 998—Ä—É–±üî•üì∫Sber 43 –¥—é–π–º–æ–≤:  Full HD 
–ï—Å—Ç—å Wi-Fi, Bluetooth
Android 11 —Å –≥–æ–ª–æ—Å–æ–≤—ã–º –ø–æ–º–æ—â–Ω–∏–∫–æ–º –°–∞–ª—é—ÇüéÜ–ì–æ–¥ –≤—ã–ø—É—Å–∫–∞: 2024 (–Ω–æ–≤—ã–π) 
–¶–µ–Ω–∞: 15 498—Ä—É–±üî•üì∫Sber 43 –¥—é–π–º–æ–≤:  4K  
–ï—Å—Ç—å Wi-Fi, Bluetooth
Android 11 —Å –≥–æ–ª–æ—Å–æ–≤—ã–º –ø–æ–º–æ—â–Ω–∏–∫–æ–º –°–∞–ª—é—ÇüéÜ–ì–æ–¥ –≤—ã–ø—É—Å–∫–∞: 2024 (–Ω–æ–≤—ã–π)
–¶–µ–Ω–∞: 16 998—Ä—É–±üî•üì∫Sber 50 –¥—é–π–º–æ–≤: Ultra HD 4K 
–ï—Å—Ç—å Wi-Fi, Bluetooth
Android 11 —Å –≥–æ–ª–æ—Å–æ–≤—ã–º –ø–æ–º–æ—â–Ω–∏–∫–æ–º –°–∞–ª—é—ÇüéÜ–ì–æ–¥ –≤—ã–ø—É—Å–∫–∞: 2023  (–Ω–æ–≤—ã–π)
–¶–µ–Ω–∞: 22 998—Ä—É–±üî•üì∫Sber 55 –¥—é–π–º–æ–≤: Ultra HD 4K 
–ï—Å—Ç—å Wi-Fi, Bluetooth
Android 11 —Å –≥–æ–ª–æ—Å–æ–≤—ã–º –ø–æ–º–æ—â–Ω–∏–∫–æ–º –°–∞–ª—é—ÇüéÜ–ì–æ–¥ –≤—ã–ø—É—Å–∫–∞: 2023 (–Ω–æ–≤—ã–π)
–¶–µ–Ω–∞: 27 998—Ä—É–±üî•üì∫Sber 65 –¥—é–π–º–æ–≤: Ultra HD 4K 
–ï—Å—Ç—å Wi-Fi, Bluetooth
Android 11 —Å –≥–æ–ª–æ—Å–æ–≤—ã–º –ø–æ–º–æ—â–Ω–∏–∫–æ–º –°–∞–ª—é—ÇüéÜ–ì–æ–¥ –≤—ã–ø—É—Å–∫–∞: 2023 (–Ω–æ–≤—ã–π)
–¶–µ–Ω–∞: 37 998—Ä—É–±üî•–æ–±–≥–æ–≤–æ—Ä–∏–º. 
(–ü—Ä–∏–≤–µ–∑—ë–º –≤ —Ç–µ—á–µ–Ω–∏–∏ 2—Ö —á–∞—Å–æ–≤ –ø–æ—Å–ª–µ –æ—Ñ–æ—Ä–º–ª–µ–Ω–∏—è –∑–∞–∫–∞–∑–∞) 

–ü–∏—à–∏—Ç–µ –≤ –õ–° –∏–ª–∏ –∑–≤–æ–Ω–∏—Ç–µ!
–ö–∏—Ä–∏–ª–ªüìû+7 (949) 340-49-68

–° –≤–∞–º–∏ –≤—Å–µ–≥–¥–∞ Gadget Mafiaü•∑","Smart TV SBER 32, 43, 50, 55, 65. inches. NEW, sealed!üí™At a very affordable price!‚ù§Ô∏è‚Äçüî•If you find it cheaper, we‚Äôll make an even better priceSmart TV with voice assistant SaluteüéÜ(just say what interests you and the TV will do everything for you)

Really cool with a huge number of functionsüí™Allows you to get a clear and detailed image. Display Technology: Equipped with an LCD panel that provides vibrant colors and good contrast levels. Sound: This TV has built-in speakers that provide stereo sound. It is possible to connect external audio systems or headphones through various audio outputs. Connection: has several connectors for connecting other devices, including HDMI, USB, VGA.

You can: YouTube, TV channels, online cinemas, play games, browse the Internet through a browser.üì∫Sber 32 inches: HD Ready
There is Wi-Fi, Bluetooth
Android 11 with voice assistant SaluteüéÜYear of release: 2024 (new)
Price: 10,998 rublesüî•üì∫Sber 32 inches: Full HD
There is Wi-Fi, Bluetooth
Android 11 with voice assistant SaluteüéÜYear of release: 2023 (new)
Price: 11,998 rublesüî•üì∫Sber 43 inches: Full HD
There is Wi-Fi, Bluetooth
Android 11 with voice assistant SaluteüéÜYear of release: 2024 (new)
Price: 15,498 rublesüî•üì∫Sber 43 inches: 4K
There is Wi-Fi, Bluetooth
Android 11 with voice assistant SaluteüéÜYear of release: 2024 (new)
Price: 16,998 rublesüî•üì∫Sber 50 inches: Ultra HD 4K
There is Wi-Fi, Bluetooth
Android 11 with voice assistant SaluteüéÜYear of release: 2023 (new)
Price: 22,998 rublesüî•üì∫Sber 55 inches: Ultra HD 4K
There is Wi-Fi, Bluetooth
Android 11 with voice assistant SaluteüéÜYear of release: 2023 (new)
Price: 27,998 rublesüî•üì∫Sber 65 inches: Ultra HD 4K
There is Wi-Fi, Bluetooth
Android 11 with voice assistant SaluteüéÜYear of release: 2023 (new)
Price: 37,998 rublesüî•let's discuss.
(We will deliver within 2 hours after placing the order)

Write to PM or call!
Kirillüìû+7 (949) 340-49-68

Gadget Mafia is always with youü•∑",https://t.me/itsdonetsk,telegram,Ukrainian Telegram account focused on Russia-Ukraine conflict news.,itsdonetsk,"media/telegram-web/efa80275-7e2a-4eea-b1f9-7ad5c921fe9e.jpeg,kirby/telegram-web/e774cae8-5362-4bae-99e8-efdd151c23f5.jpeg,kirby/telegram-web/9f000f30-6d6b-4635-8500-87f8286bf935.jpeg,kirby/telegram-web/383e37c8-855a-49e4-977a-80d291aa8649.jpeg,kirby/telegram-web/c7930955-0948-49ce-ac6a-f8cc51e84eb1.jpeg,kirby/telegram-web/0de7f46a-68a3-4f34-986d-ea0c413bbc5a.jpeg,kirby/telegram-web/baa9bd94-16fb-4270-b365-c42754365093.jpeg"
009d0776-585f-5e72-b53f-80cd845b0d23,2024-03-31 21:15:00,"–£–Ω–∏—á—Ç–æ–∂–µ–Ω–∏–µ –≤—Ä–∞–∂–µ—Å–∫–æ–π –†–õ–° –∏ –ø—É—Å–∫–æ–≤–æ–π –°-300 –≤ —Ä–∞–π–æ–Ω–µ –•–∞—Ä—å–∫–æ–≤–∞.
–†—É—Å—Å–∫–∞—è —Ä–∞–∑–≤–µ–¥–∫–∞ –∏ —Ä–∞–∫–µ—Ç—á–∏–∫–∏, —Å—Ä–∞–±–æ—Ç–∞–ª–∏ –Ω–∞ –æ—Ç–ª–∏—á–Ω–æ. –ë–ª–∞–≥–æ–¥–∞—Ä—è –∏—Ö —Å–ª–∞–∂–µ–Ω–Ω–æ–π —Ä–∞–±–æ—Ç–µ, —É —É–∫—Ä–∞–∏–Ω—Å–∫–∏—Ö –Ω–∞—Ü–∏—Å—Ç–æ–≤ –º–∏–Ω—É—Å –æ—á–µ—Ä–µ–¥–Ω–∞—è –°-300 (–ø—É—Å–∫–æ–≤–∞—è –∏ –†–õ–°), –∞ —Ç–∞–∫–∂–µ –ª–∏—á–Ω—ã–π —Å–æ—Å—Ç–∞–≤.
Show more
–í–µ–ª–∏–∫–æ–ª–µ–ø–Ω–∞—è —Ä–∞–±–æ—Ç–∞ –Ω–∞—à–µ–≥–æ —Ä–∞–∑–≤–µ–¥—ã–≤–∞—Ç–µ–ª—å–Ω–æ-—É–¥–∞—Ä–Ω–æ–≥–æ –∫–æ–º–ø–ª–µ–∫—Å–∞, –±–µ—Å–ø–æ—â–∞–¥–Ω–æ –∏ –±–µ–∑–æ—Å—Ç–∞–Ω–æ–≤–æ—á–Ω–æ —É–Ω–∏—á—Ç–æ–∂–∞—é—â–µ–≥–æ –≤—Ä–∞–≥–∞ –Ω–∞ –ë–µ–ª–≥–æ—Ä–æ–¥—Å–∫–æ–º –ø–æ–≥—Ä–∞–Ω–∏—á—å–µ –∏ –≤ –•–∞—Ä—å–∫–æ–≤—Å–∫–æ–π –æ–±–ª–∞—Å—Ç–∏.
–ù–∞ —ç—Ç–æ—Ç —Ä–∞–∑ —Å–º–µ—Ä—Ç—å —Å –Ω–µ–±–µ—Å –Ω–∞—Å—Ç–∏–≥–ª–∞ –≤—ã—à–∫—É-—Ä–∞–¥–∞—Ä 40–í6–ú, –ø—É—Å–∫–æ–≤—É—é —É—Å—Ç–∞–Ω–æ–≤–∫—É –°-300 –∏ –ª–∏—á–Ω—ã–π —Å–æ—Å—Ç–∞–≤, –∫–æ—Ç–æ—Ä—ã–π –æ–±—Å–ª—É–∂–∏–≤–∞–ª –¥–∞–Ω–Ω—É—é —Ç–µ—Ö–Ω–∏–∫—É. –¢–∞–∫–æ–µ —Ä–∞–Ω–æ –∏–ª–∏ –ø–æ–∑–¥–Ω–æ —Å–ª—É—á–∏—Ç—Å—è —Å–æ –≤—Å–µ–º–∏ –Ω–∞—à–∏–º –≤—Ä–∞–≥–∞–º–∏, —Ç—Ä–µ—Ç—å–µ–≥–æ –Ω–µ –¥–∞–Ω–æ.","Destruction of an enemy radar and S-300 launcher in the Kharkov area.
Russian intelligence and missile forces did an excellent job. Thanks to their well-coordinated work, the Ukrainian Nazis are minus another S-300 (launcher and radar), as well as personnel.
Show more
Excellent work of our reconnaissance and strike complex, mercilessly and non-stop destroying the enemy on the Belgorod border and in the Kharkov region.
This time, death from heaven overtook the 40V6M radar tower, the S-300 launcher and the personnel who serviced this equipment. This will happen to all our enemies sooner or later, there is no third option.",https://vk.com/public78967614,vk,A generic VK group featuring Russian nationalist and anti-Western sentiment.,STRONG RUSSIA | SUPERPOWER NEWS,media/vk/9043e959-0c9a-4507-bae3-c02439ceaaca.mp4
00a96334-6c72-560e-9ac8-47da3ec90db9,2024-03-31 15:03:23,"Forwarded from: –î—ñ–∞—Å–ø–æ—Ä–∞ ‚Äì —É–∫—Ä–∞—ó–Ω—Ü—ñ –≤ –Ñ–≤—Ä–æ–ø—ñüá∫üá¶üá™üá∫
‚Äã‚Äã–í –ù—ñ–º–µ—á—á–∏–Ω—ñ –≤–ø–µ–≤–Ω–µ–Ω—ñ, —â–æ —Ä–æ–∑–º—ñ—â–µ–Ω–Ω—è –≤—ñ–π—Å—å–∫ –ù–ê–¢–û –≤ –£–∫—Ä–∞—ó–Ω—ñ –Ω–µ –≤—Ç—è–≥–Ω–µ –ê–ª—å—è–Ω—Å —É –≤—ñ–π–Ω—É –∑ —Ä—Ñ.–ó–≥—ñ–¥–Ω–æ –∑ –≤–∏—Å–Ω–æ–≤–∫–∞–º–∏ –≤—á–µ–Ω–∏—Ö –ë—É–Ω–¥–µ—Å—Ç–∞–≥—É, —è–∫—â–æ –æ–¥–Ω–∞ –∫—Ä–∞—ó–Ω–∞-—á–ª–µ–Ω –ù–ê–¢–û –≤—ñ–∑—å–º–µ —É—á–∞—Å—Ç—å —É –∫–æ–Ω—Ñ–ª—ñ–∫—Ç—ñ, —Ü–µ –Ω–µ –æ–∑–Ω–∞—á–∞—î –∞–≤—Ç–æ–º–∞—Ç–∏—á–Ω–µ –∑–∞–ª—É—á–µ–Ω–Ω—è –ê–ª—å—è–Ω—Å–∞ —É –≤—ñ–π–Ω—É. –ù—ñ–º—Ü—ñ –≤–≤–∞–∂–∞—é—Ç—å, —â–æ –¥–µ—Ä–∂–∞–≤–∞ –ù–ê–¢–û, —è–∫–∞ –≤—ñ–¥–ø—Ä–∞–≤–∏—Ç—å –≤—ñ–π—Å—å–∫–∞ –≤ –£–∫—Ä–∞—ó–Ω—É, —Å–∞–º–∞ —Å—Ç–∞–Ω–µ —Å—Ç–æ—Ä–æ–Ω–æ—é –∫–æ–Ω—Ñ–ª—ñ–∫—Ç—É.

¬´–Ø–∫—â–æ –∫—Ä–∞—ó–Ω–∞-—á–ª–µ–Ω –ù–ê–¢–û –¥—ñ—î —Å–∞–º–æ—Å—Ç—ñ–π–Ω–æ - —Ç–æ–±—Ç–æ –ø–æ–∑–∞ —Ä–∞–º–∫–∞–º–∏ –≤–∏—Ä—ñ—à–µ–Ω–æ—ó –æ–ø–µ—Ä–∞—Ü—ñ—ó –ê–ª—å—è–Ω—Å—É —ñ –ø–æ–∑–∞ —Å—Ç—Ä—É–∫—Ç—É—Ä–∞–º–∏ –≤—ñ–π—Å—å–∫–æ–≤–æ–≥–æ –∫–æ–º–∞–Ω–¥—É–≤–∞–Ω–Ω—è –ù–ê–¢–û, - –Ω—ñ –ê–ª—å—è–Ω—Å –≤ —Ü—ñ–ª–æ–º—É, –Ω—ñ —ñ–Ω—à—ñ –¥–µ—Ä–∂–∞–≤–∏-–ø–∞—Ä—Ç–Ω–µ—Ä–∏ –Ω–µ —Å—Ç–∞—é—Ç—å —Å—Ç–æ—Ä–æ–Ω–∞–º–∏ –∫–æ–Ω—Ñ–ª—ñ–∫—Ç—É¬ª,- –π–¥–µ—Ç—å—Å—è –≤ –∞–Ω–∞–ª—ñ–∑—ñ –Ω—ñ–º–µ—Ü—å–∫–∏—Ö –≤—á–µ–Ω–∏—Ö.‚ñ™Ô∏è–¥–∂–µ—Ä–µ–ª–æüåê–î–Ü–ê–°–ü–û–†–ê","Forwarded from: Diaspora - Ukrainians in Europeüá∫üá¶üá™üá∫
‚Äã‚ÄãGermany is confident that the deployment of NATO troops in Ukraine will not involve the Alliance in a war with the Russian Federation. According to the conclusions of Bundestag scientists, if one NATO member country takes part in the conflict, this does not mean that the Alliance will be automatically involved in the war. The Germans believe that a NATO state that sends troops to Ukraine will itself become a party to the conflict.

""If a NATO member country acts independently - that is, outside the framework of the decided Alliance operation and outside the NATO military command structures - neither the Alliance as a whole nor other partner states become parties to the conflict,"" says the analysis of German scientists. ‚ñ™Ô∏èsourceüåêDIASPORA",https://t.me/tokmakpology,telegram,Telegram channel focused on Russia-Ukraine conflict news around Tokmak.,tokmakpology,media/telegram-web/6f615624-2d04-44fa-9368-4b833652fcfb.jpeg
00babf2e-1740-5e89-bbfe-aa0bbbe89a35,2024-03-31 13:52:18,"–ñ–µ–Ω—â–∏–Ω–∞ –ø–æ–≥–∏–±–ª–∞ –ø—Ä–∏ –æ–±—Å—Ç—Ä–µ–ª–µ –í–°–£ —Å–µ–ª–∞ –î—É–Ω–∞–π–∫–∞ –ë–µ–ª–≥–æ—Ä–æ–¥—Å–∫–æ–π –æ–±–ª–∞—Å—Ç–∏, —Å–æ–æ–±—â–∏–ª –≥—É–±–µ—Ä–Ω–∞—Ç–æ—Ä","A woman died during shelling by the Armed Forces of Ukraine in the village of Dunaika, Belgorod region, the governor said",https://t.me/rian_ru,telegram,"The official Telegram page of RIA Novosti, one of Russia's premiere state-owned news agencies.",rian_ru,media/telegram-web/2d4e65d9-02af-4fca-9563-d27ab3543d24.jpeg
